<annotation>
	<folder>images</folder>
	<filename>video-cigarettebutts-03-00349.jpg</filename>
	<path>/Users/L2/Class/class-adeept/Adeept_DarkPaw-V2.1/code/learning/data/images/video-cigarettebutts-03-00349.jpg</path>
	<source>
		<database>Unknown</database>
	</source>
	<size>
		<width>640</width>
		<height>480</height>
		<depth>3</depth>
	</size>
	<segmented>0</segmented>
	<object>
		<name>cigarettebuttes</name>
		<pose>Unspecified</pose>
		<truncated>0</truncated>
		<difficult>0</difficult>
		<bndbox>
			<xmin>282</xmin>
			<ymin>249</ymin>
			<xmax>522</xmax>
			<ymax>451</ymax>
		</bndbox>
	</object>
</annotation>
