<annotation>
	<folder>images</folder>
	<filename>video-cigarettebutts-02-00283.jpg</filename>
	<path>/Users/L2/Class/class-adeept/Adeept_DarkPaw-V2.1/code/learning/data/images/video-cigarettebutts-02-00283.jpg</path>
	<source>
		<database>Unknown</database>
	</source>
	<size>
		<width>640</width>
		<height>480</height>
		<depth>3</depth>
	</size>
	<segmented>0</segmented>
	<object>
		<name>cigarettebuttes</name>
		<pose>Unspecified</pose>
		<truncated>0</truncated>
		<difficult>0</difficult>
		<bndbox>
			<xmin>245</xmin>
			<ymin>195</ymin>
			<xmax>491</xmax>
			<ymax>233</ymax>
		</bndbox>
	</object>
</annotation>
